,0
2010-01-05,-0.0011815408665850524
2010-01-06,-0.0009094961946049751
2010-01-07,0.0004046651284083519
2010-01-08,0.0006132840947329389
2010-01-11,-8.177044773620716e-05
2010-01-12,0.00020875836448063824
2010-01-13,0.00038660787848174283
2010-01-14,0.0007175930494637724
2010-01-15,-0.000398129516723144
2010-01-19,0.0005367343216118384
2010-01-20,-0.0013304643129167949
2010-01-21,-0.0016682215081076888
2010-01-22,-0.0006259672073472763
2010-01-25,0.0011872500158968784
2010-01-26,0.00011033148430591565
2010-01-27,-0.0001733941676796795
2010-01-28,-0.0007710501820748505
2010-01-29,-0.001400112438270323
2010-02-01,0.0014304252592881195
2010-02-02,-0.0005056314280028409
2010-02-03,-6.9724300449424195e-06
2010-02-04,-0.0005266049418395473
2010-02-05,-0.0008784614436583224
2010-02-08,0.0006298302287353055
2010-02-09,-0.0002135786544688236
2010-02-10,8.361489558391831e-05
2010-02-11,0.00021779678988535604
2010-02-12,0.0012191885073150536
2010-02-16,-0.002059356474791562
2010-02-17,3.483751705276542e-05
2010-02-18,-0.00010627012536254098
2010-02-19,-0.0006103108492791121
2010-02-22,0.0006442342999640479
2010-02-23,0.0003926041758311252
2010-02-24,-0.0006015277872058172
2010-02-25,0.00027919292316249474
2010-02-26,-0.0014044543543885802
2010-03-01,0.0001549613727213281
2010-03-02,0.00045701314305337994
2010-03-03,0.0002408501094340775
2010-03-04,-0.0005046085841852997
2010-03-05,0.0006190433389149375
2010-03-08,9.993696230038174e-05
2010-03-09,-7.346985854704362e-05
2010-03-10,-0.000701603864529182
2010-03-11,-0.00022093438968123942
2010-03-12,0.00031413171385446777
2010-03-15,4.817174068952779e-06
2010-03-16,4.260427215329633e-05
2010-03-17,0.000337764482396875
2010-03-18,0.00021573657785797578
2010-03-19,0.0001994746605641232
2010-03-22,-5.947266818484651e-05
2010-03-23,-0.00040789078076902685
2010-03-24,0.0002163197581483223
2010-03-25,0.0002652291390691495
2010-03-26,-0.001292378677514913
2010-03-29,0.00039715408677134124
2010-03-30,0.0006702799227724779
2010-03-31,-0.0005396341919987994
2010-04-01,-0.0005903952267002181
2010-04-05,0.0002429022326656989
2010-04-06,0.0008145936271238303
2010-04-07,-0.0006737736426842894
2010-04-08,1.5562246455786116e-05
2010-04-09,-0.00014807906343992407
2010-04-12,-0.0003100078415918686
2010-04-13,0.0002798317680057831
2010-04-14,0.00028301052176825034
2010-04-15,0.0005569435365811441
2010-04-16,0.0001435955344095234
2010-04-19,-0.00019849885967907063
2010-04-20,0.0011237901087364542
2010-04-21,-0.00022876900017067877
2010-04-22,0.0004664727840060913
2010-04-23,0.00011700686845535994
2010-04-26,0.0011016361591457474
2010-04-27,-0.0006758934019118375
2010-04-28,0.0010236431742079227
2010-04-29,-0.00028391289956218244
2010-04-30,-0.0014711907217875193
2010-05-03,0.0003471270129451181
2010-05-04,0.00010695110294810933
2010-05-05,0.00039182896104838095
2010-05-06,-0.0018194391312126648
2010-05-07,0.0004352387245298503
2010-05-10,0.0002481872638716229
2010-05-11,0.0004491851856156374
2010-05-12,-0.00017624614229589004
2010-05-13,-0.000987165519949533
2010-05-14,0.0003279896574223118
2010-05-17,-0.0005308541357401618
2010-05-18,-0.00011273119004729347
2010-05-19,-0.0008243891714218828
2010-05-20,-0.00028037415029059237
2010-05-21,-0.000307812698500878
2010-05-24,-0.000711887237095558
2010-05-25,0.0006855115409444381
2010-05-26,-0.0014080516690559326
2010-05-27,-0.0002025353759785159
2010-05-28,-0.0008902742727668108
2010-06-01,0.0001567120397492905
2010-06-02,-4.7726408221506617e-05
2010-06-03,-0.0009439139691072977
2010-06-04,-0.0016617499759198628
2010-06-07,0.0009673368268514372
2010-06-08,-0.0002975060285723436
2010-06-09,0.00021807553297022424
2010-06-10,0.00020380843043337968
2010-06-11,5.0909081498939565e-06
2010-06-14,-3.660974659484644e-05
2010-06-15,-0.0007305740243265559
2010-06-16,0.00042534791454997825
2010-06-17,0.0005715998741767433
2010-06-18,-0.00019312152700019488
2010-06-21,0.0010179052240721726
2010-06-22,-0.0010228613564760118
2010-06-23,-0.00029631834557463125
2010-06-24,-0.000273331642113437
2010-06-25,0.0009371111338280025
2010-06-28,-0.0009391047170543751
2010-06-29,-0.00035981585423115053
2010-06-30,0.00019702607520168287
2010-07-01,-0.0009571355613067324
2010-07-02,-0.0009653616538757024
2010-07-06,0.0004819061753893782
2010-07-07,-0.000270151030250243
2010-07-08,0.0007413098381443325
2010-07-09,0.00035007764058265275
2010-07-12,8.0274006634446e-05
2010-07-13,-0.00016173012747852135
2010-07-14,4.8838573131569245e-05
2010-07-15,-0.0011418401253287095
2010-07-16,0.0003632116034536191
2010-07-19,0.0003257336154188946
2010-07-20,-0.00023418885141826724
2010-07-21,-0.0007612356367551268
2010-07-22,0.00037962994336981915
2010-07-23,0.00028609071574654636
2010-07-26,-0.0005970928681587936
2010-07-27,0.0017419280218630073
2010-07-28,0.00038678032854588297
2010-07-29,-0.0008450285891827905
2010-07-30,-0.0007432608846346431
2010-08-02,0.000990891132323167
2010-08-03,5.0943975207004034e-05
2010-08-04,-6.996026197365283e-05
2010-08-05,-2.2260142717891616e-05
2010-08-06,-0.0007728756708554807
2010-08-09,5.308021012897894e-05
2010-08-10,0.0006838174718053914
2010-08-11,-0.0005004719683494585
2010-08-12,-0.0012983757815071342
2010-08-13,0.000597870619817354
2010-08-16,-0.00016388737624114445
2010-08-17,5.621273953808521e-05
2010-08-18,-0.00016911394234215768
2010-08-19,-0.0014849289576547367
2010-08-20,-0.00011142971561943537
2010-08-23,-0.0001999511817347365
2010-08-24,-0.00010068413724900055
2010-08-25,0.0008726786192794216
2010-08-26,0.0006768513489979174
2010-08-27,-0.0013341372160070135
2010-08-30,-0.000525893351818265
2010-08-31,-0.0004282775873012291
2010-09-01,0.00016269862684158143
2010-09-02,1.5040919585896165e-05
2010-09-03,1.9757241636733647e-05
2010-09-07,-0.00029295292776011263
2010-09-08,0.0005984214523361581
2010-09-09,-0.0003932462631168511
2010-09-10,0.00045012025344758587
2010-09-13,-0.00022382704302860608
2010-09-14,-0.0003702547490646593
2010-09-15,0.00038907108847754815
2010-09-16,-0.00031322368792966035
2010-09-17,-0.0002865049135470269
2010-09-20,0.0009202477358843629
2010-09-21,0.0006488767599872672
2010-09-22,-0.0005811859876191251
2010-09-23,-0.0005628088430579088
2010-09-24,0.00013229677262999173
2010-09-27,2.565726030249061e-05
2010-09-28,-0.0015043670173537599
2010-09-29,0.000847014227534044
2010-09-30,-0.0003324932119089809
2010-10-01,-0.00013475780863402877
2010-10-04,0.0001732740689733732
2010-10-05,0.0001227172153281178
2010-10-06,0.00038028513079260023
2010-10-07,0.00043454470732214815
2010-10-08,-0.000399966597792188
2010-10-11,0.000565823563468495
2010-10-12,-0.000827863419610067
2010-10-13,0.0012363614544538375
2010-10-14,0.000407476124381842
2010-10-15,0.00012030245679974828
2010-10-18,-0.0017947769850891714
2010-10-19,0.0023914621984445234
2010-10-20,-0.0006738815958058156
2010-10-21,0.00035326015297379356
2010-10-22,-0.0003877811580855152
2010-10-25,0.0005164758984775321
2010-10-26,-2.330493800045016e-05
2010-10-27,-0.0007525057241819732
2010-10-28,-0.0014624247733392838
2010-10-29,0.0005083947572799235
2010-11-01,-0.0004785357754113481
2010-11-02,0.0008503318222207092
2010-11-03,0.00017137410596480352
2010-11-04,0.0005691771171325716
2010-11-05,-0.0003998267224226979
2010-11-08,-8.128609255343504e-05
2010-11-09,-8.066017242593353e-05
2010-11-10,-0.00039334543715744026
2010-11-11,-0.00039659925800400496
2010-11-12,0.00017652995149090162
2010-11-15,-0.00023160959726820736
2010-11-16,-0.0005406137594473458
2010-11-17,0.0002764651349482991
2010-11-18,-0.0005130421778746213
2010-11-19,-3.6987322055798307e-05
2010-11-22,0.0001624670434873806
2010-11-23,-0.00026343634640394256
2010-11-24,-0.00015337307254044592
2010-11-26,-0.004693336143103966
2010-11-29,0.004345019223770029
2010-11-30,-9.131255459666945e-05
2010-12-01,-6.856895523580514e-05
2010-12-02,0.00014625629563278474
2010-12-03,-0.00023017729953257304
2010-12-06,0.0002823387442815314
2010-12-07,8.193093004414708e-05
2010-12-08,-0.00020917915413849048
2010-12-09,-0.00025783993953584815
2010-12-10,-0.00022236083856732106
2010-12-13,0.0006291606196381302
2010-12-14,-6.910612123187023e-05
2010-12-15,0.0005241329299403236
2010-12-16,-0.0005500549975632884
2010-12-17,-0.0002109605980792201
2010-12-20,0.00016172867783465373
2010-12-21,0.0001081867301255951
2010-12-22,-0.0002739147417220658
2010-12-23,0.0002356660949893619
2010-12-27,-8.219749754910359e-05
2010-12-28,0.0008400959642092392
2010-12-29,-0.0008220311648394582
2010-12-30,-0.0003065350088721501
2010-12-31,0.00033206105121841035
2011-01-03,-0.000623861169266382
2011-01-04,0.00010326930473910625
2011-01-05,0.0001998736497103703
2011-01-06,-0.0005731642348469621
2011-01-07,-0.0002470109463492214
2011-01-10,-0.0002867470310589927
2011-01-11,-0.00014666090764446594
2011-01-12,0.0003126126259774282
2011-01-13,0.00021325015187743175
2011-01-14,0.0004364898979771813
2011-01-18,-2.0754865250793755e-06
2011-01-19,0.0004883954119489029
2011-01-20,0.00022660740423790442
2011-01-21,-4.428735607972653e-05
2011-01-24,-0.0003417680710404774
2011-01-25,0.0003203928206510323
2011-01-26,-0.0001617625876839811
2011-01-27,-0.00022278891779199585
2011-01-28,-0.00023295875481706488
2011-01-31,0.00043275474725067327
2011-02-01,-0.0007090406929292116
2011-02-02,0.0005316083368908449
2011-02-03,-0.0004423113689512458
2011-02-04,5.519174924724585e-05
2011-02-07,-0.00029524496323089355
2011-02-08,0.0001047361835379108
2011-02-09,0.0005207990733660456
2011-02-10,-0.0003347642067499636
2011-02-11,-8.699948385920784e-05
2011-02-14,-0.0002825358535197644
2011-02-15,0.0001063261844332147
2011-02-16,0.00010468300147780697
2011-02-17,-0.00014018726437192664
2011-02-18,0.0006988424304156257
2011-02-22,0.0006532731149136925
2011-02-23,-6.950292130834465e-05
2011-02-24,-9.288308524476121e-05
2011-02-25,-2.419572739290228e-05
2011-02-28,0.0014173769882212944
2011-03-01,-0.001592111471056215
2011-03-02,-0.00018532548806741381
2011-03-03,0.0002788116971700512
2011-03-04,-0.0004917249440119292
2011-03-07,0.0006234093512522149
2011-03-08,-0.00022104829815552084
2011-03-09,-9.962112706851742e-05
2011-03-10,-0.0006171001869422904
2011-03-11,-0.0003968278883893523
2011-03-14,-9.322713433638011e-05
2011-03-15,-0.0007435960673345919
2011-03-16,-0.0002873774149216614
2011-03-17,0.0009554280641120207
2011-03-18,-0.000415870855769634
2011-03-21,0.0010638336286697067
2011-03-22,-0.0002359276990116562
2011-03-23,-1.9567002702613155e-05
2011-03-24,-0.00015768507634695596
2011-03-25,-0.0004100565500833996
2011-03-28,0.0010870099425652345
2011-03-29,-0.0002756265784169291
2011-03-30,-0.0003406303757838387
2011-03-31,0.0005420250099718424
2011-04-01,-0.0010625846120611432
2011-04-04,0.0002785992237011477
2011-04-05,-0.0002950538401430135
2011-04-06,0.0008150990791161911
2011-04-07,-0.0008666500713371734
2011-04-08,0.0004039558995566311
2011-04-11,-6.506273423881803e-05
2011-04-12,-0.00011942844213580321
2011-04-13,-0.0009856408796189652
2011-04-14,0.0012612032524107696
2011-04-15,9.206823763537389e-05
2011-04-18,-0.0004461026072592137
2011-04-19,0.00028313142916740284
2011-04-20,8.923276790896717e-06
2011-04-21,-4.2500391536299045e-06
2011-04-25,0.0004517804710081647
2011-04-26,-4.930780339572338e-05
2011-04-27,-0.00014817681473456527
2011-04-28,-0.00011998558338290315
2011-04-29,-0.00023237064831388996
2011-05-02,-2.9386902230266578e-05
2011-05-03,-4.286825583508895e-05
2011-05-04,-0.00010017958145727354
2011-05-05,-0.00027490691342129184
2011-05-06,-9.956610057122207e-05
2011-05-09,-0.0006621053438595178
2011-05-10,0.000916572584006692
2011-05-11,-0.0006730421407428102
2011-05-12,8.455227437354808e-05
2011-05-13,0.000327878211402512
2011-05-16,-0.00021266374571573578
2011-05-17,0.00027469511580305723
2011-05-18,-0.00028068824947233284
2011-05-19,0.00015362704748820427
2011-05-20,-0.0006466667253455802
2011-05-23,0.0003639894347211535
2011-05-24,0.00014797641635965126
2011-05-25,0.0002807894417817089
2011-05-26,0.0003630243476697862
2011-05-27,-0.0007632999500406796
2011-05-31,0.0006582554750737581
2011-06-01,-0.000706555395080747
2011-06-02,-9.4750489075193e-05
2011-06-03,0.0001370099858451334
2011-06-06,0.0006679716683674636
2011-06-07,0.00020310147599101323
2011-06-08,0.00013356728980818723
2011-06-09,6.60896672897808e-05
2011-06-10,-0.0007603280074504736
2011-06-13,-6.707158321081735e-05
2011-06-14,0.0005892596056926609
2011-06-15,-0.0009376611128604877
2011-06-16,0.0009209859693488796
2011-06-17,-1.1032423410709934e-05
2011-06-20,-0.00011301054724544707
2011-06-21,-0.00012945812942441286
2011-06-22,-2.810570492836964e-05
2011-06-23,-0.0006370659674560224
2011-06-24,-0.00017269543437625767
2011-06-27,0.00011436591938991658
2011-06-28,6.728316288359681e-05
2011-06-29,-2.9113982583950718e-05
2011-06-30,-5.741680001859241e-05
2011-07-01,0.00027705751387883254
2011-07-05,0.0002266449815551371
2011-07-06,-2.5719577283576846e-05
2011-07-07,0.00010503083381325877
2011-07-08,-0.000516182183608202
2011-07-11,0.00045616486840138054
2011-07-12,0.00021554540099098362
2011-07-13,-0.0003224042026374078
2011-07-14,8.148200626373597e-05
2011-07-15,0.0001767482984847222
2011-07-18,0.00023272718948740868
2011-07-19,-0.00016140124833145808
2011-07-20,1.9838027124241975e-07
2011-07-21,0.0005628201582046771
2011-07-22,-0.0004929328027398212
2011-07-25,0.0003389900317077128
2011-07-26,0.0003864743882790703
2011-07-27,-0.0004004899930065177
2011-07-28,0.00035913542931120725
2011-07-29,-0.0009887504739444159
2011-08-01,-0.0005433891981856441
2011-08-02,-2.3887892623929846e-05
2011-08-03,2.4431390798293137e-05
2011-08-04,0.0007785548318385987
2011-08-05,0.00033153757926710913
2011-08-08,-0.0004256867277563636
2011-08-09,-0.002428342172445988
2011-08-10,-0.0034440582152670887
2011-08-11,-0.0023506625184884847
2011-08-12,0.0010361083554484675
2011-08-15,-0.0006752504261100696
2011-08-16,0.0009111717643398212
2011-08-17,0.0003383916327197151
2011-08-18,0.0005627044154822014
2011-08-19,-0.0009267971949565492
2011-08-22,0.0011862444909278914
2011-08-23,-0.0015661673133233467
2011-08-24,0.0004530768286012919
2011-08-25,-0.00018530094572068168
2011-08-26,-0.0015739500939585989
2011-08-29,-0.0002476229980602346
2011-08-30,-0.00020544061018635314
2011-08-31,-0.0007227928814457999
2011-09-01,0.001072500003872037
2011-09-02,-0.000903990825330242
2011-09-06,0.00037442556552915677
2011-09-07,-0.001127144325155545
2011-09-08,0.0001525893016164799
2011-09-09,-0.0005731592560494839
2011-09-12,-0.00026955604891194026
2011-09-13,-0.0009166554868297559
2011-09-14,-1.0140793301126674e-05
2011-09-15,0.0001302714628919864
2011-09-16,0.0006890938788890917
2011-09-19,-0.00099833463494438
2011-09-20,0.0012235987071151759
2011-09-21,-0.0015474937861145073
2011-09-22,-9.986684713144539e-05
2011-09-23,-0.0003994652633901932
2011-09-26,9.106652671288934e-05
2011-09-27,0.0005115472126878476
2011-09-28,-0.00026695260336808205
2011-09-29,0.0011461204515123662
2011-09-30,-0.0007827859362946159
2011-10-03,-9.217522335118813e-05
2011-10-04,0.0002022406764270318
2011-10-05,-0.0009604785102404305
2011-10-06,-0.0009062448206954635
2011-10-07,0.0011547034457459245
2011-10-10,-0.000489889645744826
2011-10-11,0.0004725834644414581
2011-10-12,-0.0011228890440846701
2011-10-13,0.0003857033641634774
2011-10-14,0.00011455540351565027
2011-10-17,-0.0006997226720682585
2011-10-18,-0.0005880661010952137
2011-10-19,0.0007047068888391909
2011-10-20,-0.00018022722453395115
2011-10-21,1.0810178037039958e-05
2011-10-24,-0.001117563458857036
2011-10-25,0.00019675324729619484
2011-10-26,2.8969564187006358e-05
2011-10-27,0.0011972143283601258
2011-10-28,-0.00094790621935909
2011-10-31,0.00038455724583544293
2011-11-01,-0.0007561734973012164
2011-11-02,0.0002684360516941875
2011-11-03,-0.0006228490197025469
2011-11-04,-0.0008537082525530652
2011-11-07,0.0004720041273449053
2011-11-08,0.0007899114040719624
2011-11-09,-0.0013424268551068333
2011-11-10,0.0012517749246053998
2011-11-11,-0.0002949138487397529
2011-11-14,-0.0011012482008929628
2011-11-15,0.0006012690822511831
2011-11-16,1.563036329372061e-05
2011-11-17,0.0006040057935983861
2011-11-18,-0.0002491879002021486
2011-11-21,-0.0013898573240522342
2011-11-22,3.404770150639176e-05
2011-11-23,-0.0006301545496838375
2011-11-25,0.0001026319904099621
2011-11-28,0.00010772902087091349
2011-11-29,0.0003781580706811688
2011-11-30,-0.002120092804139939
2011-12-01,0.0012928262183308473
2011-12-02,-0.0007345409339968486
2011-12-05,0.00043157638326278384
2011-12-06,-0.0001871536254830189
2011-12-07,0.001730777244727821
2011-12-08,-0.0011780355880434863
2011-12-09,0.0005269026536885747
2011-12-12,-1.5994334882668548e-05
2011-12-13,-0.00043274842500084544
2011-12-14,0.00095286582982404
2011-12-15,0.0005731246636957853
2011-12-16,-0.002657246522812448
2011-12-19,0.0015900505270875984
2011-12-20,0.000263336780569539
2011-12-21,-3.0461371609282265e-05
2011-12-22,0.0003396760078536159
2011-12-23,-0.00023089149625799693
2011-12-27,0.0010278308095199849
2011-12-28,-0.0009638516664766967
2011-12-29,-0.0003339023761241098
2011-12-30,-0.001071491078111941
2012-01-03,0.00077472000748024
2012-01-04,0.0006509569467148768
2012-01-05,-0.0009311401523833212
2012-01-06,-0.0006967611158379585
2012-01-09,-4.3550181202760534e-05
2012-01-10,-0.00039503076989936756
2012-01-11,-0.0005067809665256005
2012-01-12,-0.0002542001294996536
2012-01-13,-0.00042066398990944776
2012-01-17,0.00012452397678992724
2012-01-18,-0.00029517657321175873
2012-01-19,-5.228743808005122e-06
2012-01-20,0.003786343305782122
2012-01-23,-0.0031492485093976264
2012-01-24,1.3809003594175348e-05
2012-01-25,-0.0005538310786529031
2012-01-26,0.0010231502271381854
2012-01-27,0.000626137124334862
2012-01-30,-0.0009911228004889396
2012-01-31,4.558603433819111e-05
2012-02-01,-0.0005937972145815974
2012-02-02,0.00047059267486073797
2012-02-03,-0.0008841865638167384
2012-02-06,-0.0005452654216272069
2012-02-07,0.0005473876949443619
2012-02-08,0.0003249990041160138
2012-02-09,-0.0007327029983832229
2012-02-10,-0.0008170171859612878
2012-02-13,0.0008101026289602268
2012-02-14,-0.0009552155085933025
2012-02-15,-3.802059496962017e-05
2012-02-16,-0.0005864196251909402
2012-02-17,0.0006618655375998186
2012-02-21,3.050267452463088e-05
2012-02-22,7.420452657098345e-05
2012-02-23,0.00012252733964401418
2012-02-24,6.641003650798265e-05
2012-02-27,1.507201113830044e-05
2012-02-28,-0.0007447893139473577
2012-02-29,8.464801917088417e-05
2012-03-01,-0.0014879924736772307
2012-03-02,-0.0002432910729213999
2012-03-05,0.0005123255840893898
2012-03-06,0.0008307288592502848
2012-03-07,-0.0005265968355214253
2012-03-08,-0.00019027316828326354
2012-03-09,0.0002704732108100632
2012-03-12,0.0004714973317211451
2012-03-13,-0.0003852712099534812
2012-03-14,0.00033151755018457946
2012-03-15,-0.0004616802685931988
2012-03-16,0.0004298885620859425
2012-03-19,0.0005744893941183652
2012-03-20,5.268594470818908e-05
2012-03-21,-0.0002479037410970217
2012-03-22,-0.00010336974513649837
2012-03-23,0.00020297920973755355
2012-03-26,0.00022770409941734807
2012-03-27,-0.0006301842253440978
2012-03-28,6.85515529228603e-05
2012-03-29,-0.00016371219429122622
2012-03-30,0.00036338536648019594
2012-04-02,0.0001413330352197529
2012-04-03,-0.001150070481563968
2012-04-04,0.00022228640783799637
2012-04-05,-0.00033608083042021143
2012-04-09,5.552366351529135e-05
2012-04-10,0.0008198086646705287
2012-04-11,0.0007185584971829834
2012-04-12,-0.0011642719450633172
2012-04-13,0.000173506726128949
2012-04-16,0.0004665387098087866
2012-04-17,-0.0005683832426548931
2012-04-18,0.00018489890141940675
2012-04-19,-0.0008412328771034783
2012-04-20,0.0013290888427937902
2012-04-23,0.00018614046660387143
2012-04-24,0.0012726220803880328
2012-04-25,-0.00014499238376002206
2012-04-26,-0.0005370318512958683
2012-04-27,-0.0008433632388162111
2012-04-30,0.0002934627819719919
2012-05-01,0.0002941930157456356
2012-05-02,-0.0005528615230684644
2012-05-03,0.0005656210186889042
2012-05-04,-0.000538725367616056
2012-05-07,0.0005501217669090095
2012-05-08,0.0005430462667402004
2012-05-09,0.0004150222724118432
2012-05-10,-0.000702565053830248
2012-05-11,0.00010462398633229349
2012-05-14,6.0264830762388547e-05
2012-05-15,9.206476701077108e-05
2012-05-16,0.00026811953576733353
2012-05-17,0.0005874403819285789
2012-05-18,-0.0009193629243091708
2012-05-21,0.001194014351688158
2012-05-22,0.0005406453124264037
2012-05-23,-0.0013729070352083961
2012-05-24,0.0003604034754542563
2012-05-25,-0.001349306485524958
2012-05-29,0.0009890033470019034
2012-05-30,-0.00046402009967864803
2012-05-31,0.00029283503746197056
2012-06-01,-0.0005027288135514424
2012-06-04,0.00014198146581502025
2012-06-05,0.0011771645963444726
2012-06-06,-0.0006415612349439867
2012-06-07,0.0009602317097173289
2012-06-08,-0.00020168560218646568
2012-06-11,-0.00014749118018568715
2012-06-12,8.429338673205354e-05
2012-06-13,0.0005123980216313875
2012-06-14,0.0005153088231205985
2012-06-15,-0.00026724836847503985
2012-06-18,2.185735962627897e-06
2012-06-19,-0.00019686955427171242
2012-06-20,-0.00036916673255483904
2012-06-21,-0.00044020453376735283
2012-06-22,0.0007882383943402611
2012-06-25,-2.097027186627118e-05
2012-06-26,-0.0003185807430665004
2012-06-27,0.00043243700565851785
2012-06-28,-0.0002394202811560821
2012-06-29,-0.0001107803673987863
2012-07-02,0.000743884190411792
2012-07-03,4.021493095538245e-05
2012-07-05,-0.00018744380897490597
2012-07-06,-0.0003037781243343668
2012-07-09,0.0006486268284091102
2012-07-10,-0.0009589712393326504
2012-07-11,0.00041528826122677956
2012-07-12,0.00037860774313035455
2012-07-13,6.695839324708658e-05
2012-07-16,0.00012640851595165222
2012-07-17,-0.0005321074049466591
2012-07-18,0.0007344397045932483
2012-07-19,-0.0005861880552468445
2012-07-20,0.0008605257041697685
2012-07-23,-0.0010188175847887452
2012-07-24,0.00039342985315184327
2012-07-25,0.0006836495014869504
2012-07-26,8.847901364009494e-05
2012-07-27,-0.0003134565211447976
2012-07-30,0.0007404843910175858
2012-07-31,-0.002354629312572386
2012-08-01,0.001859944908830427
2012-08-02,0.0002334243146500806
2012-08-03,0.0007289115910553458
2012-08-06,-0.0006321987747367518
2012-08-07,-0.000871691038388178
2012-08-08,-3.468684101562685e-06
2012-08-09,0.0001868850405019976
2012-08-10,-0.000523551950528852
2012-08-13,0.0006799226995115571
2012-08-14,-0.0001631467032206382
2012-08-15,-0.0005082670099494434
2012-08-16,0.0005744116381989437
2012-08-17,-0.0005077639411465394
2012-08-20,4.832708263186432e-05
2012-08-21,0.00019688005046642355
2012-08-22,-0.0002050339995262264
2012-08-23,-0.0005202703026070364
2012-08-24,-0.0003919760860051757
2012-08-27,0.0009680420025785708
2012-08-28,-0.00025555685547102463
2012-08-29,-0.0003533596701923926
2012-08-30,5.8342308231340914e-05
2012-08-31,-0.0004878870877655598
2012-09-04,-0.0003677307474588751
2012-09-05,-0.00044044011739730846
2012-09-06,-0.0005245937810501138
2012-09-07,-0.0005481862133545619
2012-09-10,0.00034723087843332827
2012-09-11,7.613901130715424e-05
2012-09-12,0.0008383611259391061
2012-09-13,-0.0008563230709490409
2012-09-14,-0.00011993426740692249
2012-09-17,0.00047080587449888685
2012-09-18,0.0006431575957924859
2012-09-19,-0.0014430893632594896
2012-09-20,0.0007624607681591642
2012-09-21,-0.00013261037070374604
2012-09-24,0.0007722107729683778
2012-09-25,-0.00019947800148308568
2012-09-26,-3.465657246466431e-05
2012-09-27,-9.528274460404544e-05
2012-09-28,-0.0005318106443571568
2012-10-01,0.0001692117588913667
2012-10-02,-0.00014884076807597187
2012-10-03,-0.00041082814326892127
2012-10-04,-0.0006271818349198677
2012-10-05,0.00012397987797975804
2012-10-08,-0.00018828881399014698
2012-10-09,5.509086707992418e-05
2012-10-10,-0.00011731932559719445
2012-10-11,-4.12156143635321e-05
2012-10-12,-0.0003889145095365438
2012-10-15,0.00027021702242021814
2012-10-16,-0.0001211873148224147
2012-10-17,-6.878924335589932e-05
2012-10-18,-0.0003443053834414245
2012-10-19,-0.0007239719755789097
2012-10-22,-8.007508181070581e-06
2012-10-23,0.00014207615655538117
2012-10-24,-0.0002506818916101416
2012-10-25,0.0004497449391616913
2012-10-26,-7.147988236393588e-05
2012-10-31,-0.0006584402734959824
2012-11-01,-0.001146810947947153
2012-11-02,0.0006084066772413573
2012-11-05,-0.00014952062007664258
2012-11-06,-0.00015712294030952034
2012-11-07,-0.0001601944260843577
2012-11-08,-0.0001933430862415663
2012-11-09,-0.0005802144828022438
2012-11-12,0.0005468267624655787
2012-11-13,0.00017689895151658036
2012-11-14,-0.00024290798356835924
2012-11-15,8.996093983914709e-05
2012-11-16,-0.0007038018302356324
2012-11-19,0.0007834091179916881
2012-11-20,-0.0007354296975608042
2012-11-21,-0.0006758515401520846
2012-11-23,0.0006548072018725381
2012-11-26,7.164695366533927e-06
2012-11-27,-0.00025620886211189485
2012-11-28,-0.00018057706134553923
2012-11-29,0.0002692439505542687
2012-11-30,-0.00017037140150931839
2012-12-03,1.769426990974078e-05
2012-12-04,0.0006542935931724023
2012-12-05,-0.0007923714023148547
2012-12-06,6.030403875390954e-05
2012-12-07,-0.0002338983719655935
2012-12-10,-1.1559255895242945e-05
2012-12-11,0.0006921881306962783
2012-12-12,-0.0002669725796197425
2012-12-13,-0.00046331362829340333
2012-12-14,0.0001005695768434684
2012-12-17,0.0001275655238937752
2012-12-18,-0.0003635771248889901
2012-12-19,-0.0006698720647014501
2012-12-20,0.00019899468183258613
2012-12-21,0.00017833236900901064
2012-12-24,-0.0010025766666416644
2012-12-26,0.0009137687669683705
2012-12-27,-0.000259877914790361
2012-12-28,-0.0003388404076966698
2012-12-31,0.0005209715185100598
2013-01-02,-0.0003932286675258634
2013-01-03,-0.0007061143722842881
2013-01-04,-0.0009050035385144983
2013-01-07,0.0001914718597442011
2013-01-08,-0.00014129612933761566
2013-01-09,-0.00044060768430350056
2013-01-10,0.0004855989155500961
2013-01-11,-0.0001737931565890015
2013-01-14,-4.807742604380082e-05
2013-01-15,-0.0008659042281048863
2013-01-16,-6.441219222856684e-05
2013-01-17,0.0009961375531808434
2013-01-18,-0.0006068828914618358
2013-01-22,0.000869759999144723
2013-01-23,0.00020846419970454414
2013-01-24,-0.00025857765969745195
2013-01-25,-0.0003165142362984213
2013-01-28,0.0007224762424045182
2013-01-29,-0.0002519698486916572
2013-01-30,-0.0013838776064983727
2013-01-31,-0.0007060973513649375
2013-02-01,0.0005424028416200644
2013-02-04,0.0002748833166959352
2013-02-05,-0.0006638141110825863
2013-02-06,-0.0003474059119924817
2013-02-07,7.819534987525754e-05
2013-02-08,-0.00018821825580169187
2013-02-11,0.0005420021269121737
2013-02-12,0.0003712187646259769
2013-02-13,-0.0003782552810024241
2013-02-14,0.00030970429556811767
2013-02-15,-5.547975676770383e-05
2013-02-19,0.0004548958562497025
2013-02-20,0.00012816912128998416
2013-02-21,1.6964811525585835e-06
2013-02-22,0.0006393371077718542
2013-02-25,-0.0015159607878531024
2013-02-26,0.0008305880278672096
2013-02-27,-0.0007746455187823825
2013-02-28,-0.0013492768469717143
2013-03-01,0.0012813177085308574
2013-03-04,9.036482585798346e-05
2013-03-05,-0.0006816516327978767
2013-03-06,-0.00031762920392762613
2013-03-07,-0.0005793131197312626
2013-03-08,-0.00035586862497087417
2013-03-11,0.0003542807289041716
2013-03-12,-3.4261118447738437e-06
2013-03-13,-0.0003143085909917795
2013-03-14,0.00011456974598678376
2013-03-15,0.0006056825051359144
2013-03-18,-0.0004404668231632212
2013-03-19,1.009056545224268e-05
2013-03-20,-0.0001862632305171738
2013-03-21,6.0889392086177496e-05
2013-03-22,0.0012086801844216136
2013-03-25,-0.000909739289610008
2013-03-26,-9.301101670321395e-05
2013-03-27,0.0004081475274174701
2013-03-28,-0.001182191151705089
2013-04-01,0.00038219338896996503
2013-04-02,0.0003857491422605023
2013-04-03,0.0006991825781746657
2013-04-04,0.0001540152541190591
2013-04-05,-0.00035740477953201486
2013-04-08,8.044249263547756e-06
2013-04-09,-0.00016714060817759864
2013-04-10,0.0003763295528456112
2013-04-11,-0.00047811534579623094
2013-04-12,0.00011790341754654068
2013-04-15,-0.000983795193200472
2013-04-16,0.00035546384743761
2013-04-17,-0.0006931260496371543
2013-04-18,0.0009796131205929244
2013-04-19,-0.0008859868580962157
2013-04-22,-0.00024186991634514692
2013-04-23,-6.438689589698642e-05
2013-04-24,0.0006079863780336659
2013-04-25,-0.0005261820262088737
2013-04-26,-0.0002855963732507642
2013-04-29,0.000221593616019187
2013-04-30,3.907482230284653e-05
2013-05-01,-7.766455684822711e-05
2013-05-02,-0.0002233881608432551
2013-05-03,-0.00012693390410387778
2013-05-06,0.0006315345146136906
2013-05-07,-0.00011736591813681432
2013-05-08,-0.00010254854671193445
2013-05-09,0.00038912516653487415
2013-05-10,-0.001505789095417349
2013-05-13,0.0006706008952065935
2013-05-14,-0.00042851613674785467
2013-05-15,0.0001256771977702041
2013-05-16,0.0004408514927180902
2013-05-17,-0.0006628534119121343
2013-05-20,0.001085441678959121
2013-05-21,-0.00028999105988618116
2013-05-22,0.0006374186357546484
2013-05-23,-0.000350152026280495
2013-05-24,-2.6492002795109877e-05
2013-05-28,-0.0007366770841643732
2013-05-29,-6.259566715430959e-05
2013-05-30,-0.0008112883307961356
2013-05-31,-0.000786296959470403
2013-06-03,0.0009717244613056198
2013-06-04,0.00020101612529819547
2013-06-05,-0.0003515675075456866
2013-06-06,0.0004217893751268919
2013-06-07,-0.0008821181775216704
2013-06-10,0.0002228769211830952
2013-06-11,-8.40127000446382e-05
2013-06-12,-0.0001788474993859139
2013-06-13,0.0007075843523131464
2013-06-14,-0.0008088363691184401
2013-06-17,0.0002413389473623238
2013-06-18,0.0004817461415245446
2013-06-19,-0.0009989798742952322
2013-06-20,-0.0008485077028006355
2013-06-21,0.0021792622568698357
2013-06-24,-0.000852212074875033
2013-06-25,7.381521944307967e-05
2013-06-26,-0.00029326395730837687
2013-06-27,-0.0005835841952921243
2013-06-28,-0.0003845417151657612
2013-07-01,-4.957150479258099e-05
2013-07-02,6.392912411208682e-05
2013-07-03,-0.0003990215546330801
2013-07-05,0.000277234309872287
2013-07-08,0.00019270086423262694
2013-07-09,-8.776995631136833e-05
2013-07-10,0.00023996946020793858
2013-07-11,0.00028017476763379616
2013-07-12,-0.002854479809808249
2013-07-15,0.0025455317031615812
2013-07-16,0.00035107308325807397
2013-07-17,-0.00045462022015656115
2013-07-18,0.0002001773127288959
2013-07-19,0.0007284906345790309
2013-07-22,-7.723496902830316e-05
2013-07-23,-0.0005454163648391144
2013-07-24,-0.00019898752715716934
2013-07-25,-0.0009202151107579868
2013-07-26,-3.4672042535130714e-05
2013-07-29,0.0001251330280093465
2013-07-30,-0.0009311731418348978
2013-07-31,3.358839113570681e-05
2013-08-01,-0.0022823682345170047
2013-08-02,-0.0005893251893738741
2013-08-05,-8.06881345592949e-05
2013-08-06,0.0005689454438332969
2013-08-07,0.00043915007153830276
2013-08-08,-0.0009811500552543398
2013-08-09,0.00015344406518915527
2013-08-12,-0.00018475845424332973
2013-08-13,0.0005657700460183056
2013-08-14,1.4828214326301214e-05
2013-08-15,-3.510254334588257e-05
2013-08-16,-0.0006632814767591946
2013-08-19,-0.0005719399698835073
2013-08-20,0.0008336576471368066
2013-08-21,-0.00038569291229361476
2013-08-22,0.0005799698038071819
2013-08-23,-0.0007080615991895
2013-08-26,-0.00018161201203301027
2013-08-27,6.455176578317942e-05
2013-08-28,0.0007316018593517461
2013-08-29,-0.0007112136164259028
2013-08-30,-0.00011817604095805878
2013-09-03,3.1516866969065645e-05
2013-09-04,1.5915160351421404e-06
2013-09-05,-0.00036171271441348576
2013-09-06,0.00043855011083615504
2013-09-09,-0.0006288353884672405
2013-09-10,-0.0005269343167637877
2013-09-11,5.5095669200454396e-05
2013-09-12,0.00017262958290591374
2013-09-13,-0.0002900173450317645
2013-09-16,0.0003234258798423869
2013-09-17,-0.0002438172917645651
2013-09-18,0.0003752509632747574
2013-09-19,-0.0001929714404263897
2013-09-20,-3.279394105770283e-05
2013-09-23,0.0004285170687399866
2013-09-24,-0.00042923656680709144
2013-09-25,-0.000550636083868399
2013-09-26,-5.881048884402067e-05
2013-09-27,-0.0007625943679992917
2013-09-30,0.00020851029964941929
2013-10-01,-0.0004594473278016747
2013-10-02,-0.00047453989254747224
2013-10-03,-0.0008078816459065625
2013-10-04,0.00021240010117065927
2013-10-07,0.0003461270610492194
2013-10-08,0.0010278612323260036
2013-10-09,0.0006330972693558846
2013-10-10,-0.0005262883772736426
2013-10-11,0.0004952094064167743
2013-10-14,-5.4108486490815275e-05
2013-10-15,-0.0003179139971104727
2013-10-16,-0.0001341215354306556
2013-10-17,-5.842368117090456e-05
2013-10-18,-2.316781890708726e-05
2013-10-21,9.003295720510796e-05
2013-10-22,0.00043808051233868925
2013-10-23,0.00045752799482409127
2013-10-24,-0.00029629196523976416
2013-10-25,0.0008222041975597463
2013-10-28,0.0006160947344332339
2013-10-29,-0.00022623484365808487
2013-10-30,7.168565639596031e-06
2013-10-31,0.0003816123839425734
2013-11-01,-0.0005322147772711845
2013-11-04,-8.240036675033003e-05
2013-11-05,-0.0009056919237676046
2013-11-06,0.0012789516422851226
2013-11-07,0.0012365568691799448
2013-11-08,-0.00019743827642669
2013-11-11,-0.0010104363191432593
2013-11-12,0.00033448330314316595
2013-11-13,-0.0007975819280379454
2013-11-14,-4.780454902503922e-05
2013-11-15,0.00015674749240953984
2013-11-18,0.0008365965730616374
2013-11-19,4.8268977868676406e-05
2013-11-20,0.0004981089080836267
2013-11-21,-0.0004680755171379957
2013-11-22,-5.2954055618404e-05
2013-11-25,0.0003080582639470571
2013-11-26,-0.0003406703399151002
2013-11-27,-5.214858945241799e-05
2013-11-29,-6.757446395540267e-05
2013-12-02,-0.0008766357315848493
2013-12-03,-0.0010796449285628675
2013-12-04,0.00031408037473512043
2013-12-05,8.901406810012287e-06
2013-12-06,0.0006350338965620782
2013-12-09,0.0002701600443416998
2013-12-10,-0.0009959525084451623
2013-12-11,-0.00029589335154988315
2013-12-12,-0.0005170485966643668
2013-12-13,-0.000754225661036593
2013-12-16,0.00038245354488897383
2013-12-17,-0.000367363083561069
2013-12-18,0.0009295168939736816
2013-12-19,-0.0009123260176937722
2013-12-20,0.0007558945815184142
2013-12-23,-0.00011467225057369603
2013-12-24,-0.0010327451502186195
2013-12-26,0.00025524472627008396
2013-12-27,0.0003529212594311282
2013-12-30,-0.0001482594580888797
2013-12-31,0.00013024857683909333
2014-01-02,-0.001289454612862657
2014-01-03,4.2891458500913404e-05
2014-01-06,-0.000319736410044819
2014-01-07,-6.927388832042927e-05
2014-01-08,-0.0001687927330858381
2014-01-09,0.0006761666157141868
2014-01-10,0.0007378028936488217
2014-01-13,-0.0004198800300409689
2014-01-14,-0.00029780989329704875
2014-01-15,0.0004304408521012184
2014-01-16,-0.00023281279356525387
2014-01-17,-0.00033367501012638006
2014-01-21,0.0006069247507516093
2014-01-22,-0.00044807084133041935
2014-01-23,0.0004746676181531396
2014-01-24,-0.00041972945463211037
2014-01-27,0.00032465207332875706
2014-01-28,-0.0010262787122057755
2014-01-29,0.00038068772388512827
2014-01-30,-0.0011193233308852777
2014-01-31,0.000557923942774965
2014-02-03,0.0005627194388251912
2014-02-04,-0.0007029363589145096
2014-02-05,0.00019392618189269695
2014-02-06,0.0004624339261502155
2014-02-07,-0.0010997194082454798
2014-02-10,0.0003991011728226334
2014-02-11,-0.00016135174997886255
2014-02-12,-0.000249179114056079
2014-02-13,-0.0009648543534104825
2014-02-14,0.0008464548808540919
2014-02-18,-0.0001223750064208275
2014-02-19,0.0002611935072020571
2014-02-20,-0.00031343026447007427
2014-02-21,0.0002360651208287586
2014-02-24,-0.0006275859876945303
2014-02-25,0.0007522508645023309
2014-02-26,-0.00018965901188143107
2014-02-27,9.756586127883209e-05
2014-02-28,8.685289032747288e-05
2014-03-03,-8.763960951998703e-06
2014-03-04,-0.001032931003939289
2014-03-05,0.0004424782907132337
2014-03-06,0.0002899097772223894
2014-03-07,-0.00010211698426734257
2014-03-10,0.0002091656186598782
2014-03-11,0.0004219578514622858
2014-03-12,-0.000609241381441651
2014-03-13,0.0005332694174817118
2014-03-14,-0.000281640081185466
2014-03-17,-0.0004099333221556211
2014-03-18,8.285269331853064e-06
2014-03-19,0.00028676130769227006
2014-03-20,4.7940294551984154e-05
2014-03-21,-0.000577488041286137
2014-03-24,0.0009928559161891783
2014-03-25,0.0012965371131691628
2014-03-26,-5.35394658931097e-05
2014-03-27,-0.0004214310351561238
2014-03-28,0.00028175775401106246
2014-03-31,-6.824902965951035e-05
2014-04-01,-0.0009901889323993343
2014-04-02,0.0005310446307049662
2014-04-03,0.0005375608922267689
2014-04-04,0.0010890170404611339
2014-04-07,0.0009420965744296045
2014-04-08,-0.0004129095910820283
2014-04-09,-0.0007527861820891112
2014-04-10,-6.313266648089871e-06
2014-04-11,0.0009846552849337043
2014-04-14,0.00022900461857370408
2014-04-15,0.0005003012908191854
2014-04-16,-0.0007268949950738242
2014-04-17,-0.00042481581179288795
2014-04-21,0.00017753541115314922
2014-04-22,-0.00021993755162457926
2014-04-23,-0.00012953645774012486
2014-04-24,0.0006543307061780551
2014-04-25,0.0008506351484302115
2014-04-28,0.001143330404204218
2014-04-29,-0.0012019352031451278
2014-04-30,-0.00013995982053434126
2014-05-01,-0.0005064540256147738
2014-05-02,-0.00040701528154272267
2014-05-05,0.00018467977928171542
2014-05-06,0.0007090908730642727
2014-05-07,0.0002826606406920347
2014-05-08,0.00012913067862975556
2014-05-09,-1.0941962520533317e-05
2014-05-12,-0.00023818810516839511
2014-05-13,-7.988239635199428e-05
2014-05-14,-0.0003614543390539947
2014-05-15,0.0005396188945368894
2014-05-16,0.00024385993499476078
2014-05-19,-0.0004090535028364625
2014-05-20,0.0002777446865351472
2014-05-21,9.467602887251389e-06
2014-05-22,-0.0002679926612956657
2014-05-23,3.8017321303965637e-06
2014-05-27,0.0002644936601791997
2014-05-28,-9.06642983485432e-05
2014-05-29,-0.00047064497942234367
2014-05-30,7.999537075647697e-05
2014-06-02,-0.00039770627647368233
2014-06-03,-0.00039212509369559144
2014-06-04,-0.0004344743794538037
2014-06-05,0.0006687604970998223
2014-06-06,9.454714539807677e-05
2014-06-09,0.00024024246496167885
2014-06-10,0.00014656023085280067
2014-06-11,-0.000310069568067992
2014-06-12,-0.00022596116709097756
2014-06-13,-0.00013133470311958283
2014-06-16,0.00014952037517091462
2014-06-17,0.0001959386240005809
2014-06-18,-0.0004927008473887134
2014-06-19,-0.00029249240726637003
2014-06-20,0.0004972205464968654
2014-06-23,-0.0005385199849931245
2014-06-24,0.0006164196436289409
2014-06-25,-0.00023224819895052012
2014-06-26,0.0002634833749284788
2014-06-27,2.8239755886509633e-05
2014-06-30,-0.0008332786387719803
2014-07-01,-1.5341081637159151e-06
2014-07-02,0.0006748574607793765
2014-07-03,-0.0006248346874590284
2014-07-07,0.0008963491565425865
2014-07-08,0.000777619700785854
2014-07-09,-0.0006144608193718705
2014-07-10,6.448862217569261e-05
2014-07-11,-0.00012367378201177883
2014-07-14,0.00046320150717723673
2014-07-15,2.5288977642797493e-05
2014-07-16,-0.0002963580873855255
2014-07-17,1.221183126798829e-05
2014-07-18,-0.00025789854184554185
2014-07-21,0.00026923299345290035
2014-07-22,-0.000563885699560499
2014-07-23,0.0004858552343222529
2014-07-24,-0.0008194572810791712
2014-07-25,5.9535242107223475e-05
2014-07-28,0.000553191312703545
2014-07-29,-9.235633447299534e-05
2014-07-30,-0.00044869699722826085
2014-07-31,-0.00010765613635598664
2014-08-01,-0.00014582282920699375
2014-08-04,-0.00011308432214255162
2014-08-05,-0.00036185944673459286
2014-08-06,0.0006381133313835011
2014-08-07,-0.0003292001162797792
2014-08-08,0.00011374547588354975
2014-08-11,-0.00024217438253358505
2014-08-12,5.704165058057907e-05
2014-08-13,-0.00020697594889853253
2014-08-14,3.57113811438629e-05
2014-08-15,-0.00042025782583179894
2014-08-18,-3.386876661554475e-05
2014-08-19,0.00016840724596261375
2014-08-20,-9.387686171754509e-05
2014-08-21,-2.036095525203901e-05
2014-08-22,-0.00016350451781428112
2014-08-25,-0.00022532171920908606
2014-08-26,-0.00026988335943043827
2014-08-27,-0.0007138320844105209
2014-08-28,0.0007497513255088122
2014-08-29,-0.0006365636939969473
2014-09-02,-0.00045470822872057266
2014-09-03,9.428615243883983e-05
2014-09-04,3.38703952443111e-05
2014-09-05,-0.0003349977042546989
2014-09-08,0.0002952935309037952
2014-09-09,0.00017606058669227334
2014-09-10,-0.00043724939111969676
2014-09-11,-4.0287585870695235e-05
2014-09-12,-0.0007277768461814308
2014-09-15,0.0005688627187698611
2014-09-16,3.0397251979646066e-05
2014-09-17,-0.0002341114996173945
2014-09-18,0.00038087841757475805
2014-09-19,-0.00045484645034371747
2014-09-22,0.0010608726396731868
2014-09-23,-5.08974062169848e-05
2014-09-24,-0.00014987819547807382
2014-09-25,-0.00011091198396098734
2014-09-26,-0.0005687016189477936
2014-09-29,0.0005754952261341237
2014-09-30,-6.414908578104275e-05
2014-10-01,-7.824887565724761e-05
2014-10-02,7.511865890239355e-05
2014-10-03,-0.00030443198273205976
2014-10-06,0.0003322184030586726
2014-10-07,-0.0002747509036736661
2014-10-08,0.0005332758331521997
2014-10-09,0.0008478573602035723
2014-10-10,0.0011913489607631635
2014-10-13,0.0010401033054586832
2014-10-14,-4.573258875243519e-05
2014-10-15,0.0009114927370896843
2014-10-16,-0.0016225675222620154
2014-10-17,-0.0017241556334076785
2014-10-20,0.0006214808949698974
2014-10-21,-0.0005561907165054468
2014-10-22,0.0004933503340445455
2014-10-23,-0.000508026382055023
2014-10-24,0.0004850520718537839
2014-10-27,0.00044966647415854884
2014-10-28,4.4339190209873036e-05
2014-10-29,0.0002598936847642303
2014-10-30,0.0008062320714188193
2014-10-31,-0.0004079766295134249
2014-11-03,0.00027904138481552396
2014-11-04,-5.675728739240561e-05
2014-11-05,0.0008423280062112657
2014-11-06,-0.0007511467779222052
2014-11-07,7.66810081485877e-05
2014-11-10,0.00011878471925673775
2014-11-11,5.414238062282479e-06
2014-11-12,-0.0007092707466690717
2014-11-13,0.00014065057080958165
2014-11-14,-0.0005381201426383079
2014-11-17,-0.0002237876402079944
2014-11-18,0.0007484370517830312
2014-11-19,-0.0008271985660951006
2014-11-20,-0.00010409491370397001
2014-11-21,3.719309916566573e-05
2014-11-24,0.00012828505654502572
2014-11-25,0.00015003267440446492
2014-11-26,-0.00030861069537173325
2014-11-28,2.749746734110551e-06
2014-12-01,0.0006238459493407358
2014-12-02,0.0005818075600262946
2014-12-03,-5.799614850590575e-05
2014-12-04,0.00013333214031391685
2014-12-05,-3.35415161104712e-05
2014-12-08,0.000616026924158645
2014-12-09,0.0004070733629935667
2014-12-10,1.208570635527137e-05
2014-12-11,8.57098025346132e-05
2014-12-12,-0.0003040042312582869
2014-12-15,-0.0005187888872196988
2014-12-16,0.0007726284040046223
2014-12-17,-0.0006892746320513524
2014-12-18,-0.00017270945241563626
2014-12-19,-0.0003100682889078813
2014-12-22,0.0011896019136155454
2014-12-23,-0.0010469929029574088
2014-12-24,-0.0001020819112656083
2014-12-26,-0.00013949270607971223
2014-12-29,0.0003030789085566024
2014-12-30,-0.0005295673511496769
2014-12-31,-9.893650463676205e-05
2015-01-02,-0.0002652400330198013
2015-01-05,0.00042469089935116833
2015-01-06,-0.0002665935533248433
2015-01-07,0.0008120886909809191
2015-01-08,-0.0004948712501987931
2015-01-09,0.0003754356658564398
2015-01-12,0.0004568292270363261
2015-01-13,-0.0005439467473271255
2015-01-14,0.0002672680269986778
2015-01-15,0.0001919154563411185
2015-01-16,0.00021423079710226542
2015-01-20,8.321549774961733e-05
2015-01-21,-0.00042374216204950875
2015-01-22,-0.00022149966395615915
2015-01-23,-0.00016913578133014896
2015-01-26,-0.0010262550363500252
2015-01-27,-0.00035517364585931077
2015-01-28,0.0007093346068774344
2015-01-29,-0.00016651574376357926
2015-01-30,-0.0008568365415370892
2015-02-02,-0.0006653299116993541
2015-02-03,-0.00013450841912339764
2015-02-04,-0.0004567886220884303
2015-02-05,-0.00019716062491153055
2015-02-06,-0.0006752436531964412
2015-02-09,-0.0004715255127724213
2015-02-10,-0.00016188944535480004
2015-02-11,0.00011550005384195259
2015-02-12,-0.00011009865842214264
2015-02-13,-0.00030671808032418577
2015-02-17,-0.00013905358057723135
2015-02-18,0.00016764611544367225
2015-02-19,-0.0002537814687110564
2015-02-20,-0.0006255843821932616
2015-02-23,0.0006895141731883655
2015-02-24,-0.00035734168502754224
2015-02-25,-0.0007634855302780609
2015-02-26,0.00045333336228849694
2015-02-27,-0.00013110836646989263
2015-03-02,0.00045779996313281834
2015-03-03,-0.000274861520613037
2015-03-04,-5.7318704854533026e-05
2015-03-05,-7.531281065986163e-05
2015-03-06,-0.0009980397300932142
2015-03-09,0.0005835820815332914
2015-03-10,0.00034765709889163915
2015-03-11,-0.0011309765969913926
2015-03-12,0.0005128968326304842
2015-03-13,-0.00021648706370583706
2015-03-16,2.972672977937657e-06
2015-03-17,-0.0002446042681804824
2015-03-18,0.0005465115913065571
2015-03-19,0.00015772649428560416
2015-03-20,0.000596203012432692
2015-03-23,0.00023324024883360954
2015-03-24,0.00021094634004361398
2015-03-25,-0.000639586824975065
2015-03-26,-5.541226802917385e-05
2015-03-27,-0.0002140228340958162
2015-03-30,-0.00013797620796009852
2015-03-31,-0.000751103666262326
2015-04-01,0.0007117136114215723
2015-04-02,2.7821652610200177e-05
2015-04-06,0.00028853364850675144
2015-04-07,-0.0007437269293113513
2015-04-08,0.0004161670264755863
2015-04-09,-0.00062396425791841
2015-04-10,0.00048141485028960814
2015-04-13,-7.779952730429737e-05
2015-04-14,0.0005656462158427147
2015-04-15,-0.0008038104725652424
2015-04-16,0.0003866373137069702
2015-04-17,-2.4591217093219292e-05
2015-04-20,-9.827747179814994e-05
2015-04-21,3.0050235529871863e-05
2015-04-22,-0.00016100972601995004
2015-04-23,3.6956832633111645e-05
2015-04-24,-8.839301705624225e-05
2015-04-27,0.0002277706931485459
2015-04-28,0.000837431239581275
2015-04-29,-0.0013608391897576965
2015-04-30,-0.0005266375709321799
2015-05-01,0.00032441729320629477
2015-05-04,-0.0002721396581299206
2015-05-05,7.617409722106457e-05
2015-05-06,-0.00016954613070534544
2015-05-07,0.0001592601900160173
2015-05-08,0.00030088238473550445
2015-05-11,9.956257500377992e-06
2015-05-12,-0.00031971473628645023
2015-05-13,9.245348161653336e-05
2015-05-14,0.00020592123145355377
2015-05-15,0.0002445502783088979
2015-05-18,-0.00022641026755411756
2015-05-19,0.0004051581605624344
2015-05-20,9.172903864651733e-05
2015-05-21,0.00021197550660619286
2015-05-22,-0.00038685437290162045
2015-05-26,-0.0008391914059154987
2015-05-27,0.0006852119527666536
2015-05-28,0.0002042075217805067
2015-05-29,-0.00046015810352169513
2015-06-01,0.0002860803700991642
2015-06-02,-0.0003343506091395348
2015-06-03,-2.6230857988474455e-05
2015-06-04,8.965195296307613e-05
2015-06-05,-0.0011909011185931876
2015-06-08,0.00014859479896806548
2015-06-09,-0.00047109546761553564
2015-06-10,0.0003064835664382988
2015-06-11,0.0010422711107462828
2015-06-12,-0.001456869817113209
2015-06-15,0.0006412321858236397
2015-06-16,-1.9006896568879265e-05
2015-06-17,-0.0003998958481214118
2015-06-18,0.0004896501963824133
2015-06-19,0.0009112932401787533
2015-06-22,-0.0010182322750782154
2015-06-23,-8.664520367917183e-05
2015-06-24,0.00038438979464241844
2015-06-25,-0.00026723528978119795
2015-06-26,0.0006263713739834205
2015-06-29,-0.0006237088032479965
2015-06-30,-0.0008217726338495359
2015-07-01,0.0011102262165026272
2015-07-02,-0.0008985480089903858
2015-07-06,0.0007220425020852909
2015-07-07,0.0005913281674271385
2015-07-08,-0.0002776371885509603
2015-07-09,-0.0012309683192833795
2015-07-10,0.0010218168200512006
2015-07-13,-0.00047239938943090774
2015-07-14,0.00012758113710546228
2015-07-15,0.0003207462704607076
2015-07-16,-0.00022988310596840436
2015-07-17,-0.0004176240723544821
2015-07-20,-0.00022388797778538888
2015-07-21,0.000654933399099074
2015-07-22,-0.00018077528498669894
2015-07-23,-3.469698052323191e-05
2015-07-24,-0.0006835811086905973
2015-07-27,0.0011932834756858274
2015-07-28,-0.0003020000342540529
2015-07-29,-0.0008544475143089517
2015-07-30,-0.0007246208794958764
2015-07-31,0.0008290779302107625
2015-08-03,-0.0004295871338944584
2015-08-04,-0.0004535416176266022
2015-08-05,0.00014998856662468444
2015-08-06,-0.0003052793291283759
2015-08-07,0.0008414275694216275
2015-08-10,0.00013442486571703556
2015-08-11,0.00021238376970969183
2015-08-12,0.0004143876489476878
2015-08-13,-0.0002665895708829011
2015-08-14,-0.0008992429551409865
2015-08-17,0.00035124206103190423
2015-08-18,-0.00039478115409066457
2015-08-19,0.00034733532721830523
2015-08-20,0.0010974570744136727
2015-08-21,-2.2835947051463856e-05
2015-08-24,-0.0026775976578844243
2015-08-25,0.000203868619915476
2015-08-26,0.0006878239934562796
2015-08-27,-0.001931238942839867
2015-08-28,-0.0005193835970361547
2015-08-31,-0.00010777380584203744
2015-09-01,-0.00041034627152314665
2015-09-02,0.0006206104134079404
2015-09-03,-0.0008707951621973926
2015-09-04,-0.0007721149299800591
2015-09-08,-0.0005160180454672723
2015-09-09,-0.00027399978258261723
2015-09-10,0.0005349653243040325
2015-09-11,-0.00013120077897377843
2015-09-14,0.00023073417360347905
2015-09-15,0.0001919592136718929
2015-09-16,0.00021057944626749238
2015-09-17,0.0006587900705354636
2015-09-18,-0.0001456633073212664
2015-09-21,0.0006905664594086779
2015-09-22,-0.0006136014002544651
2015-09-23,0.000881492300888847
2015-09-24,0.00046987887451547476
2015-09-25,-0.0003668608700093281
2015-09-28,-0.00034180725483772337
2015-09-29,0.0006245959374753963
2015-09-30,-0.0007426168958674338
2015-10-01,0.0008985983868835595
2015-10-02,0.0006126738154626828
2015-10-05,-0.0005710360921876712
2015-10-06,0.0005784567774206099
2015-10-07,-0.00018308948117600962
2015-10-08,0.0010380226579420945
2015-10-09,-0.00034581779494770673
2015-10-12,-0.0002114928991933287
2015-10-13,1.593360104074331e-05
2015-10-14,0.0007708763197493713
2015-10-15,0.0006933644017091921
2015-10-16,0.0002742803815872887
2015-10-19,0.0006842250352401285
2015-10-20,0.00028600179427667365
2015-10-21,-0.00013166886635497446
2015-10-22,0.0005913669596598718
2015-10-23,0.0003628660502494902
2015-10-26,-0.0010959195656151301
2015-10-27,0.00087576936503424
2015-10-28,-0.0007557458288133586
2015-10-29,0.0005178992246400969
2015-10-30,-0.0002638851980892847
2015-11-02,0.0005708521618613249
2015-11-03,0.00036405950542977433
2015-11-04,7.717493219492862e-05
2015-11-05,-0.00024013754787762637
2015-11-06,-0.0007683784946522607
2015-11-09,-0.00026517710726571726
2015-11-10,0.0010287579318554283
2015-11-11,-0.00041519349885704325
2015-11-12,-0.0004335031108111294
2015-11-13,-0.000363092901203569
2015-11-16,0.0005426911499088315
2015-11-17,0.00016309531824941037
2015-11-18,-0.00020164697176224683
2015-11-19,5.715471295697407e-05
2015-11-20,0.0007543305445586817
2015-11-23,-0.0001430625846172498
2015-11-24,0.00024677620789531314
2015-11-25,0.0001549862098479095
2015-11-27,0.0005490463795352053
2015-11-30,0.0007180680313978033
2015-12-01,-0.001022572029401531
2015-12-02,5.9960935897534345e-05
2015-12-03,0.0004601802590679955
2015-12-04,-0.0005716199984283458
2015-12-07,0.0010112887092065415
2015-12-08,-0.00028478287417646117
2015-12-09,-3.543571998875384e-05
2015-12-10,-0.0002483469771124209
2015-12-11,0.00021629763971543758
2015-12-14,0.0006968790860058275
2015-12-15,-0.00037229529087988954
2015-12-16,-4.113595660235926e-05
2015-12-17,-0.0003847541545798031
2015-12-18,-0.00010488074333035724
2015-12-21,0.000635490976529084
2015-12-22,0.00018847755111164877
2015-12-23,-0.0003563216093686993
2015-12-24,-0.00014562568720551182
2015-12-28,-0.00010237192582393355
2015-12-29,0.0003321839010742098
2015-12-30,-2.9301403990654104e-05
2015-12-31,-0.0012699833041831844
2016-01-04,0.0005285583411350925
2016-01-05,0.0001957273476714896
2016-01-06,0.0005034902697838867
2016-01-07,-0.0005286096294052772
2016-01-08,-0.0007047101371797874
2016-01-11,0.0006918546610883379
2016-01-12,0.00041564302824982895
2016-01-13,0.00023427209517062897
2016-01-14,-8.348702032688615e-05
2016-01-15,6.304156672192612e-05
2016-01-19,0.0014387254854519031
2016-01-20,-0.0010656760811181762
2016-01-21,0.0004484278768393619
2016-01-22,1.3988166504115551e-05
2016-01-25,0.0011390379390073778
2016-01-26,-0.0009148805866590407
2016-01-27,-0.0006322351017847127
2016-01-28,-0.00025657299647466585
2016-01-29,-0.0007006802841541537
2016-02-01,-0.00029995043368145235
2016-02-02,0.0015572175074807237
2016-02-03,0.000995780254378611
2016-02-04,-0.0008132585484364157
2016-02-05,-0.0002978424827310075
2016-02-08,0.0014078630057544044
2016-02-09,0.0003760306254205898
2016-02-10,-0.0010561945357223353
2016-02-11,-0.0008764832344208984
2016-02-12,0.00010108119535440913
2016-02-16,-0.00014225419332906594
2016-02-17,-0.0012193061530726308
2016-02-18,0.0009539134861524428
2016-02-19,-0.0004898101742813153
2016-02-22,-0.0001481465252471774
2016-02-23,1.164961664358935e-06
2016-02-24,0.0002526510892280655
2016-02-25,0.0005590260343063848
2016-02-26,-0.0010781427168135096
2016-02-29,-0.00011083772858442881
2016-03-01,-0.0007969862690486336
2016-03-02,-0.00013572086099316542
2016-03-03,-0.0004959948039938199
2016-03-04,-2.6105857338827327e-05
2016-03-07,0.0004434320100080692
2016-03-08,-1.54079801339118e-05
2016-03-09,4.944857744016481e-05
2016-03-10,0.0007889558329578266
2016-03-11,-0.00033828253021963087
2016-03-14,-0.00023032469947148687
2016-03-15,-3.197138400106727e-05
2016-03-16,-0.00032878399453013536
2016-03-17,0.0003922538043998492
2016-03-18,-0.0009602056417737093
2016-03-21,0.00013559982461505498
2016-03-22,-7.599814814565034e-05
2016-03-23,0.0002574373398476085
2016-03-24,0.0002097434255362521
2016-03-28,0.00015889599584096393
2016-03-29,0.001031498525508828
2016-03-30,-7.937582251594556e-05
2016-03-31,-0.0007480280009791891
2016-04-01,7.744522893487257e-05
2016-04-04,0.00043532419861673976
2016-04-05,-0.0008589782509556172
2016-04-06,-0.0002227421517021922
2016-04-07,5.4225701412833824e-05
2016-04-08,-0.00012057308455063354
2016-04-11,0.0003237201829433159
2016-04-12,-0.000578446517019186
2016-04-13,-0.0009404421019884902
2016-04-14,-0.0006316117229353201
2016-04-15,-0.00026400119429377295
2016-04-18,0.0006845183113445338
2016-04-19,-0.0001599731424648792
2016-04-20,-0.0006486008839112573
2016-04-21,-0.0006120567101236384
2016-04-22,-2.340941712019395e-05
2016-04-25,-0.00016429572115277753
2016-04-26,-0.0004460201946236127
2016-04-27,0.00013202824571428677
2016-04-28,0.00017999969333716906
2016-04-29,-0.0006423738071382043
2016-05-02,0.00016550764685670238
2016-05-03,0.0007122895834488288
2016-05-04,0.0007336447521592354
2016-05-05,-9.636649107536655e-05
2016-05-06,-2.9486403600554895e-05
2016-05-09,0.0007689520804470517
2016-05-10,-0.0006546184052230557
2016-05-11,-0.0010557736621226964
2016-05-12,0.0005493171752392692
2016-05-13,-0.00013292457020157127
2016-05-16,0.0003959416509989825
2016-05-17,-0.0010335171219127796
2016-05-18,-0.0005080254985064814
2016-05-19,-0.0006625766415117116
2016-05-20,0.00011432489834645263
2016-05-23,0.0007671546058559411
2016-05-24,-0.000330799957781059
2016-05-25,-0.00063601742613076
2016-05-26,0.0005350855472631559
2016-05-27,-0.00011038991654517116
2016-05-31,-0.0011235798800274242
2016-06-01,0.0009624863119737743
2016-06-02,-1.920518370797158e-05
2016-06-03,0.0005704741003087657
2016-06-06,9.765511411194416e-05
2016-06-07,0.0006417488690815717
2016-06-08,0.00021398673284262187
2016-06-09,0.0007393873370404739
2016-06-10,0.0003764811889782841
2016-06-13,-2.2235767862184216e-05
2016-06-14,0.0002581902623810359
2016-06-15,4.054994646942732e-05
2016-06-16,0.00011243245139786612
2016-06-17,-0.0008578114612059224
2016-06-20,0.0002404203727891822
2016-06-21,-8.736413884410195e-05
2016-06-22,-8.131830011003072e-05
2016-06-23,-0.000700881190421037
2016-06-24,0.00022086310042202656
2016-06-27,0.0010675280866998885
2016-06-28,-8.690265235219291e-05
2016-06-29,-0.0005626208341376372
2016-06-30,2.81169171934513e-06
2016-07-01,0.0004438385554335919
2016-07-05,0.00027258606299073763
2016-07-06,7.325664208822705e-05
2016-07-07,-0.00033878615545758907
2016-07-08,0.00019611884019414376
2016-07-11,0.00011142448814805642
2016-07-12,0.0007193968481915003
2016-07-13,-0.0003614631585550185
2016-07-14,-0.00010362453106113698
2016-07-15,-0.00042941518930674004
2016-07-18,0.00017551811848918498
2016-07-19,0.00029856539459351193
2016-07-20,-7.768683006805638e-06
2016-07-21,-9.253403448222178e-05
2016-07-22,4.0290373684004864e-05
2016-07-25,-8.484527672166127e-05
2016-07-26,-7.256310284429091e-06
2016-07-27,0.001113929066253964
2016-07-28,-0.0012144702953676707
2016-07-29,-9.580503304023615e-05
2016-08-01,0.000968067092711454
2016-08-02,-0.0002991799426626451
2016-08-03,-0.0008593805370536297
2016-08-04,0.0006652270287797251
2016-08-05,-0.0004247386039650976
2016-08-08,5.071415353073304e-05
2016-08-09,5.9091455137698194e-05
2016-08-10,-0.00024009469684077318
2016-08-11,-0.000519256338830946
2016-08-12,-0.00017150378067675646
2016-08-15,5.3292439413401855e-05
2016-08-16,0.00012214773714562793
2016-08-17,-6.506858224894605e-05
2016-08-18,-0.000283054679738725
2016-08-19,-0.00021206750623912487
2016-08-22,0.000497043911872108
2016-08-23,0.0001189327670545453
2016-08-24,-0.00023595311119337277
2016-08-25,0.00038874944276956166
2016-08-26,-0.00019645032750505447
2016-08-29,-0.00041729822043908276
2016-08-30,-0.00011118324754033323
2016-08-31,-0.0010097580970677951
2016-09-01,-0.00010495699815531653
2016-09-02,-0.0001898406827072381
2016-09-06,0.0005047006657543339
2016-09-07,-0.0001305026329926869
2016-09-08,-0.0005067808085890471
2016-09-09,-0.0005261795081123767
2016-09-12,-3.112939851450218e-05
2016-09-13,-0.00019651486560117587
2016-09-14,0.000534362786805936
2016-09-15,-0.00023192378113559217
2016-09-16,0.00013173481132483858
2016-09-19,0.00025707127760428157
2016-09-20,-7.006142805967293e-05
2016-09-21,0.0003040406239850045
2016-09-22,0.0005346787117017863
2016-09-23,0.0002981477651791244
2016-09-26,0.0002411097741287973
2016-09-27,-0.00026790136401742565
2016-09-28,-0.0002524078042915323
2016-09-29,5.1409956446242175e-05
2016-09-30,-0.0006493800269610685
2016-10-03,0.00011958484004679195
2016-10-04,-0.0004970052532927765
2016-10-05,-0.0009024124205682452
2016-10-06,0.0009287174027080411
2016-10-07,-0.0003773628025948877
2016-10-10,0.0008420293191494779
2016-10-11,-0.0006414255279652958
2016-10-12,0.0004123357507257239
2016-10-13,-9.821485499318357e-05
2016-10-14,-6.006773481576099e-05
2016-10-17,-0.000670752581620462
2016-10-18,8.076525755159464e-05
2016-10-19,0.0002836135835139189
2016-10-20,-0.0003309494553710396
2016-10-21,8.820597641831296e-05
2016-10-24,-0.001025674180439121
2016-10-25,0.00039909964866361976
2016-10-26,-0.0008858670164005504
2016-10-27,-0.0007161780834343385
2016-10-28,-0.00022375345704927488
2016-10-31,-0.00011699359615798045
2016-11-01,-0.0010203335918605276
2016-11-02,0.0002850535986969882
2016-11-03,-0.001238895113750721
2016-11-04,0.0012664842826535906
2016-11-07,1.1919778910952222e-05
2016-11-08,0.00041398629417725447
2016-11-09,-0.0013134200378914582
2016-11-10,0.0009917565203202993
2016-11-11,-0.0006052596172654784
2016-11-14,-0.00042325608941465797
2016-11-15,-0.0009080623626885713
2016-11-16,-0.0002981033813848318
2016-11-17,-0.00024081106244444248
2016-11-18,0.00014166003858937177
2016-11-21,-0.0004591411026807265
2016-11-22,-0.00033954438467148737
2016-11-23,-0.00030729813425552045
2016-11-25,-0.000373388038096693
2016-11-28,0.0005594406496220051
2016-11-29,0.00035434563187380225
2016-11-30,-0.0003875344931545113
2016-12-01,-0.00096337774323656
2016-12-02,0.0005566967731839528
2016-12-05,0.00011158138375700916
2016-12-06,-0.0007011604500388861
2016-12-07,-0.0003343067419815677
2016-12-08,0.0005108748507943683
2016-12-09,0.001082762629683938
2016-12-12,0.0005066046688754389
2016-12-13,-1.1622252458725127e-05
2016-12-14,-0.0006844034872076857
2016-12-15,8.266390484330637e-05
2016-12-16,0.0002720181062670166
2016-12-19,0.0004331287122940025
2016-12-20,0.0001230911910831355
2016-12-21,-0.000930443550432316
2016-12-22,0.0002061135121660311
2016-12-23,0.00034097878838342823
2016-12-27,0.00010336750336203048
2016-12-28,-5.8386046777313474e-05
2016-12-29,0.0003411976712283961
2016-12-30,0.0013419814457299667
2017-01-03,-0.0007461543479899786
2017-01-04,-0.0005573976958408835
2017-01-05,5.0502644875300524e-05
2017-01-06,-0.00019153073943276337
2017-01-09,-6.477650047316628e-05
2017-01-10,-0.00020722597520628984
2017-01-11,-0.0006702359618544337
2017-01-12,-0.00037638470378913895
2017-01-13,0.0002968843220649809
2017-01-17,9.675493112202508e-05
2017-01-18,7.890888593473436e-05
2017-01-19,-0.000648381837473224
2017-01-20,0.0004917491362115309
2017-01-23,0.0002246112124803237
2017-01-24,-0.0008430817059551891
2017-01-25,0.0005264672543575794
2017-01-26,-0.0009041306428936974
2017-01-27,-0.000369713649946082
2017-01-30,-0.00051054439354255
2017-01-31,0.0011154254653344391
2017-02-01,-6.945023805966219e-05
2017-02-02,0.0004809323461112388
2017-02-03,-0.000454287614591372
2017-02-06,8.008765668185576e-05
2017-02-07,-0.00029751462024461936
2017-02-08,0.000357948314196085
2017-02-09,-0.00022209859318714133
2017-02-10,0.0007253719609929287
2017-02-13,0.00014431481661420203
2017-02-14,-0.0007741636365021891
2017-02-15,0.00010669186414964411
2017-02-16,0.0004382296446486482
2017-02-17,-0.0004436450381468751
2017-02-21,-5.267961899872893e-05
2017-02-22,7.152245137171688e-05
2017-02-23,0.0008289745070645603
2017-02-24,-0.00020092687159735693
2017-02-27,0.0005122418293692218
2017-02-28,-0.00045986840421548356
2017-03-01,-2.2530952419464248e-05
2017-03-02,-0.00016427099457644225
2017-03-03,-0.0005489232659168886
2017-03-06,0.00027342267656139474
2017-03-07,0.0001662045536974274
2017-03-08,-0.0001521736866176113
2017-03-09,0.00020395037269913896
2017-03-10,0.00024063264491658862
2017-03-13,-0.0003369476673386611
2017-03-14,-0.0005893170960513238
2017-03-15,0.0011018454004381138
2017-03-16,-0.0007370343343444145
2017-03-17,-0.00011235715252666057
2017-03-20,0.0012474691647583506
2017-03-21,-0.00016833226957277576
2017-03-22,0.00032472044330306843
2017-03-23,0.0002113866998721464
2017-03-24,-7.459494070393693e-05
2017-03-27,0.0002265712277134172
2017-03-28,-5.6135033394873364e-05
2017-03-29,-0.0002924918148602387
2017-03-30,0.0001154340363578206
2017-03-31,3.555698075936951e-05
2017-04-03,-0.0005072673911020744
2017-04-04,-0.00016513965754212873
2017-04-05,0.00026446679365355443
2017-04-06,0.00062292980556538
2017-04-07,-4.395897929836427e-05
2017-04-10,-5.317952164470463e-05
2017-04-11,0.00044481468810907707
2017-04-12,-0.0007342446846786113
2017-04-13,0.0005542282380847823
2017-04-17,0.00035384959397725783
2017-04-18,-1.8684871589520324e-05
2017-04-19,-0.00022794133115214927
2017-04-20,0.000625430827357892
2017-04-21,-0.000286624045596253
2017-04-24,-0.0004851372950502829
2017-04-25,-0.0002325059987715733
2017-04-26,-2.1619513465317747e-05
2017-04-27,0.00012085839931422454
2017-04-28,-0.00017148580271540963
2017-05-01,0.0008088003264833847
2017-05-02,-0.0005704398378375145
2017-05-03,-7.867845137779386e-05
2017-05-04,0.000876197741330961
2017-05-05,-0.000539374017694565
2017-05-08,-0.00013529074562599952
2017-05-09,0.00023973179459337924
2017-05-10,-1.9043382719213797e-05
2017-05-11,2.065193068250936e-05
2017-05-12,-0.0003215091536136112
2017-05-15,0.000618539709711651
2017-05-16,-0.00040018041204118186
2017-05-17,0.0003358899445738729
2017-05-18,0.00011278591681871623
2017-05-19,-0.0009591402762865265
2017-05-22,-0.00011599873696791028
2017-05-23,0.0003570983050266408
2017-05-24,-0.0002766598278952275
2017-05-25,0.00020023115687498733
2017-05-26,-0.0008248426370604309
2017-05-30,0.0003008231517231415
2017-05-31,-3.282663330884383e-05
2017-06-01,-0.000116481578916805
2017-06-02,0.0005762473345117991
2017-06-05,0.00031811806708944223
2017-06-06,-0.00029362043439934947
2017-06-07,9.904633954405345e-05
2017-06-08,0.0003676068010979974
2017-06-09,-0.00021405205760122734
2017-06-12,0.0005222151973220385
2017-06-13,-0.0004477974371403688
2017-06-14,-0.000264466966825104
2017-06-15,0.0007040576533992174
2017-06-16,0.0001869184958706213
2017-06-19,-8.857132660783883e-05
2017-06-20,-0.00011956255596608494
2017-06-21,0.00031720077199419205
2017-06-22,5.5995561582593886e-05
2017-06-23,-4.712215956332363e-05
2017-06-26,0.00020806011500268217
2017-06-27,-0.00027302957044679325
2017-06-28,-0.00013264350498020348
2017-06-29,-0.0007044126634412409
2017-06-30,0.00034089165683248886
2017-07-03,-0.00014148706396446896
2017-07-05,0.0001206543482409686
2017-07-06,-0.00047387911788683394
2017-07-07,0.0001020637043047043
2017-07-10,-2.5227346267100558e-05
2017-07-11,-0.0002358995234053523
2017-07-12,0.0005168479709221404
2017-07-13,-7.182584175678382e-05
2017-07-14,0.00029189855444837487
2017-07-17,0.0001762687793797454
2017-07-18,-0.00029929024807767853
2017-07-19,0.00029870064628823544
2017-07-20,0.0006135174757474248
2017-07-21,-0.0006964578854579977
2017-07-24,0.00021262946198822815
2017-07-25,-0.0007784431868546192
2017-07-26,0.00010215691003497967
2017-07-27,-0.0003890283136202393
2017-07-28,0.0004358800878565359
2017-07-31,8.073918547353261e-05
2017-08-01,-0.0004766171918238844
2017-08-02,-0.00036184774926670754
2017-08-03,-0.00033541668332584323
2017-08-04,-0.00022058335853029735
2017-08-07,0.00012200582339242966
2017-08-08,-0.00020437718327189283
2017-08-09,0.00028138341160669915
2017-08-10,0.00012796299136455004
2017-08-11,-0.00020762120324201898
2017-08-14,3.226540562136296e-05
2017-08-15,-0.0002196061397360145
2017-08-16,-0.00023993332494076018
2017-08-17,-0.00021591665343752633
2017-08-18,0.00012492687582871275
2017-08-21,-0.00016962267199382292
2017-08-22,-0.000229114287375971
2017-08-23,-0.00026711767012659515
2017-08-24,-0.00010298771135668116
2017-08-25,0.00075776065002426
2017-08-28,-0.00029500868832380716
2017-08-29,0.00033260580024791083
2017-08-30,-0.000506765435665804
2017-08-31,0.00049713030291998
2017-09-01,-0.0006691467992178174
2017-09-05,0.0009096030216816349
2017-09-06,0.0005996774989562364
2017-09-07,0.0007405343827733688
2017-09-08,0.000479999485194924
2017-09-11,-0.00022284366958617505
2017-09-12,-0.0005128403706177367
2017-09-13,-0.00016139440873380318
2017-09-14,0.0008092999382273759
2017-09-15,-0.0001399923008405684
2017-09-18,0.0002731952060819791
2017-09-19,-0.0008597230797788456
2017-09-20,-0.0008809629414568497
2017-09-21,0.00024458893030955726
2017-09-22,-0.0003684179183989979
2017-09-25,0.0008878474656990069
2017-09-26,0.0006568466522198276
2017-09-27,-0.0004046514068683513
2017-09-28,0.00013206024190307963
2017-09-29,-0.00013514116703467523
2017-10-02,0.000557424266048781
2017-10-03,-0.0004789009468641539
2017-10-04,0.0002808447928014622
2017-10-05,3.588626450339201e-06
2017-10-06,-0.00046982109863338286
2017-10-09,0.00013298962058482834
2017-10-10,0.00026288588808862133
2017-10-11,-0.00030261762584428984
2017-10-12,0.00032456788290995673
2017-10-13,0.000518621218035026
2017-10-16,-0.0007247577495833797
2017-10-17,0.00013354419662057289
2017-10-18,3.392440865001157e-05
2017-10-19,-0.0004468218089217638
2017-10-20,-0.0005815105416841927
2017-10-23,-2.2293613459226612e-05
2017-10-24,-0.00045523500571588633
2017-10-25,7.751461895904709e-05
2017-10-26,-0.0006229514754244401
2017-10-27,-4.673046479524573e-05
2017-10-30,-0.0002961244124898956
2017-10-31,0.000399671157069167
2017-11-01,-0.00028280383003416324
2017-11-02,-0.0002262736441302082
2017-11-03,-0.0003513296064570435
2017-11-06,0.0012394642217240532
2017-11-07,-0.000628046056527887
2017-11-08,0.0005683539931253601
2017-11-09,0.00040641878598275845
2017-11-10,-0.0003557323357881047
2017-11-13,-0.0003790970961750227
2017-11-14,-0.0003283502995204469
2017-11-15,7.089474093379192e-05
2017-11-16,-0.00037128735747568066
2017-11-17,-0.0005126403557358214
2017-11-20,0.0004067461539516402
2017-11-21,0.000444929367623843
2017-11-22,-0.00025176659210287156
2017-11-24,0.00023648837216126185
2017-11-27,-0.00042001997526191224
2017-11-28,0.00018057331613138133
2017-11-29,-0.0006889404860739482
2017-11-30,-0.00020415741425472943
2017-12-01,-0.00039953429861088645
2017-12-04,-0.00065558237648829
2017-12-05,3.0067841749671642e-05
2017-12-06,0.00043097279719217616
2017-12-07,-0.0006687166102206754
2017-12-08,-0.0002299264140407124
2017-12-11,-0.00012931729050394284
2017-12-12,0.0003676291899120268
2017-12-13,0.0006416440012137695
2017-12-14,-0.00041280762804212726
2017-12-15,0.00013430730587739997
2017-12-18,0.0007451043442611412
2017-12-19,-0.0013909783218155032
2017-12-20,-0.00011901936394582253
2017-12-21,8.523245119003821e-05
2017-12-22,0.0001020561155703352
2017-12-26,-3.2495771772003516e-05
2017-12-27,-0.00019793858393130082
2017-12-28,4.633975998110263e-05
2017-12-29,0.0014479318756000577
2018-01-02,-0.000790775829015454
2018-01-03,-8.873451239168467e-05
2018-01-04,-0.0003043570097768797
2018-01-05,-0.0003774104800290754
2018-01-08,-0.0002740603702943137
2018-01-09,0.000272486076711485
2018-01-10,-0.0007153841063292286
2018-01-11,0.000286433097965522
2018-01-12,-0.00044717387791121804
2018-01-16,3.7691507751786216e-06
2018-01-17,4.691506708011384e-05
2018-01-18,-0.0006082151772250776
2018-01-19,0.0002040141368570298
2018-01-22,-5.248548719617718e-06
2018-01-23,0.000123158359911816
2018-01-24,-0.000200035268958654
2018-01-25,-5.346121825894898e-05
2018-01-26,-0.0003640922690182225
2018-01-29,-0.0005530509497501251
2018-01-30,0.0003302047459784359
2018-01-31,0.00018839110061927435
2018-02-01,-0.001271404036728457
2018-02-02,-0.0008928359506626404
2018-02-05,-0.001761125059614413
2018-02-06,0.002256225844714039
2018-02-07,-0.0010537210394072002
2018-02-08,-0.0006201429184517146
2018-02-09,0.0005858061551760729
2018-02-12,0.0005012727050284216
2018-02-13,-0.0005249041734820556
2018-02-14,-0.0012598428496692314
2018-02-15,0.00047684237633061587
2018-02-16,0.0005035381625331189
2018-02-20,-0.0006558844534131905
2018-02-21,0.0003665659816031617
2018-02-22,0.001235252638688147
2018-02-23,5.937266840965599e-05
2018-02-26,-0.00022908368307169961
2018-02-27,-0.00046846916916566846
2018-02-28,0.00013726652063592373
2018-03-01,-0.001558572613060194
2018-03-02,-0.00019252388242542353
2018-03-05,0.0004645099195320756
2018-03-06,-9.368588307561007e-05
2018-03-07,0.00023457583074724747
2018-03-08,0.0004667305678557618
2018-03-09,5.8061771720130384e-05
2018-03-12,0.00027400488492406155
2018-03-13,0.0002744116789951149
2018-03-14,0.00039968967468339243
2018-03-15,0.00013344031326079499
2018-03-16,-0.0007410604074897078
2018-03-19,0.0005312784459835379
2018-03-20,0.00010024011201669749
2018-03-21,-0.00026182751018378396
2018-03-22,0.0005088356211756621
2018-03-23,-0.0005835036669125902
2018-03-26,-0.0004032405760726332
2018-03-27,0.0010374450835200395
2018-03-28,0.0006872702891554919
2018-03-29,-0.0016759796645362847
2018-04-02,0.0006720253825238977
2018-04-03,0.0003970093714700633
2018-04-04,-0.0005081213068702465
2018-04-05,0.0004984494313956568
2018-04-06,-0.0003013055926435644
2018-04-09,0.0017153965655041462
2018-04-10,-0.0011954375628761178
2018-04-11,0.0008645621100266199
2018-04-12,-0.0004212636190740575
2018-04-13,0.0007427057505777573
2018-04-16,0.0001798528263690681
2018-04-17,2.2555798007943204e-05
2018-04-18,-0.0002114687793935674
2018-04-19,-0.001306756789960335
2018-04-20,-0.00038597345949776575
2018-04-23,0.00024215224749694772
2018-04-24,7.880570240424885e-05
2018-04-25,0.0010049330247194083
2018-04-26,1.7550808272103618e-06
2018-04-27,0.0004659121607498808
2018-04-30,0.00023821861339069512
2018-05-01,-0.0003168896211265509
2018-05-02,0.001241871239091915
2018-05-03,-0.00043566530729684575
2018-05-04,2.504180477547538e-05
2018-05-07,-0.0002103975138078801
2018-05-08,-1.2447853095433906e-05
2018-05-09,0.0005536295667414436
2018-05-10,0.0003897073956726435
2018-05-11,0.0013029836080741732
2018-05-14,-0.00050194407109089
2018-05-15,-0.0004997035255950456
2018-05-16,0.00021186094350884345
2018-05-17,0.000222585258906126
2018-05-18,0.0005297719224283595
2018-05-21,8.80454834365418e-05
2018-05-22,0.0003536831083406824
2018-05-23,-8.450833297534745e-05
2018-05-24,-5.940132812928475e-06
2018-05-25,-3.073126260747655e-06
2018-05-29,0.0004255704611688064
2018-05-30,0.00038602899172953536
2018-05-31,0.0008657340205217674
2018-06-01,-0.001036798357212005
2018-06-04,0.00020530751971494388
2018-06-05,0.00026903941011569433
2018-06-06,-0.000655111287291987
2018-06-07,0.0009132028971395938
2018-06-08,-2.2764816894223043e-05
2018-06-11,0.000385209982011677
2018-06-12,-0.0006771789822771095
2018-06-13,0.00020134442091878074
2018-06-14,0.000245045981793784
2018-06-15,-0.0004391597403361811
2018-06-18,-0.00013215631048713494
2018-06-19,0.0006950044749410942
2018-06-20,0.00042296501671605364
2018-06-21,7.388599120955377e-05
2018-06-22,0.0007655021573044379
2018-06-25,0.00018878711401573017
2018-06-26,0.00038094572416140027
2018-06-27,0.0004157848955228336
2018-06-28,-0.00032785738545841256
2018-06-29,0.00047027915942181927
2018-07-02,-0.0008155785839649566
2018-07-03,0.00186877067994192
2018-07-05,6.61528694856292e-05
2018-07-06,-0.00020785866983208216
2018-07-09,-0.0007257508604267306
2018-07-10,0.0003799770095852719
2018-07-11,-0.0005327250285840253
2018-07-12,4.166621123439032e-06
2018-07-13,-0.0001707532285317398
2018-07-16,-0.0003061188029727744
2018-07-17,-0.00040969328701137044
2018-07-18,-0.0008803859945373787
2018-07-19,0.000924536602320503
2018-07-20,-0.00037360357353847444
2018-07-23,4.083136219608526e-05
2018-07-24,0.0009395258937396379
2018-07-25,-0.0003268513979159324
2018-07-26,0.0005229778925061384
2018-07-27,-0.0005422873924705272
2018-07-30,0.0014160406079039723
2018-07-31,0.0009012598642963981
